<?xml version="1.0" encoding="UTF-8"?>
<!DOCTYPE module PUBLIC "-//NetBeans//DTD Module Status 1.0//EN"
                        "http://www.netbeans.org/dtds/module-status-1_0.dtd">
<module name="com.yourkit.plugin.netbeans70">
    <param name="autoload">false</param>
    <param name="eager">false</param>
    <param name="enabled">true</param>
    <param name="jar">modules/yourkit-for-netbeans.jar</param>
    <param name="reloadable">false</param>
    <param name="specversion">2020.9.412.0</param>
</module>
